[
	{
		"id": "1",
		"type": "hand",
		"edges":
			{
				"0": [[1,2], [3,4], [1,3], [2,4], [1,4], [2,3], [4,6], [5,6], [7,8], [5,7], [6,8], [6,7]],
				"1": [[1,2], [3,4], [1,3], [2,4], [1,4], [2,3], [4,6], [5,6], [7,8], [5,7], [6,8], [6,7]],
				"2": [[1,2], [3,4], [1,3], [2,4], [1,4], [2,3], [4,6], [5,6], [7,8], [5,7], [6,8], [6,7]]
			},		
		"comms":
			{
				"0": {
					"0" : [1,2,3,4],
					"1" : [5,6,7,8]
					},
				"1": {
					"0" : [1,2,3,4],
					"1" : [5,6,7,8]
					},
				"2": {
					"0" : [1,2,3,4],
					"1" : [5,6,7,8]
					}
			},
		"dynamic_truth":
			{
				"0": ["1-t0", "2-t0", "3-t0", "4-t0", "1-t1", "2-t1", "3-t1", "4-t1", "1-t2", "2-t2", "3-t2", "4-t2"],
				"1": ["5-t0", "6-t0", "7-t0", "8-t0", "5-t1", "6-t1", "7-t1", "8-t1", "5-t2", "6-t2", "7-t2", "8-t2"]
			}
	},
	{
		"id": "2",
		"type": "hand",
		"edges":
			{
				"0": [[1,2], [3,4], [1,3], [2,4], [1,4], [2,3], [4,6], [5,6], [7,8], [5,7], [6,8], [6,7]],
				"1": [[9,10], [10,11], [9,11]],
				"2": [[1,2], [3,4], [1,3], [2,4], [1,4], [2,3], [4,6], [5,6], [7,8], [5,7], [6,8], [6,7]]
			},		
		"comms":
			{
				"0": {
					"0" : [1,2,3,4],
					"1" : [5,6,7,8]
					},
				"1": {
					"0": [9,10,11]
					},
				"2": {
					"0" : [1,2,3,4],
					"1" : [5,6,7,8]
					}
			},
		"dynamic_truth":
			{
				"0": ["1-t0", "2-t0", "3-t0", "4-t0", "1-t2", "2-t2", "3-t2", "4-t2"],
				"1": ["5-t0", "6-t0", "7-t0", "8-t0", "5-t2", "6-t2", "7-t2", "8-t2"],
				"2": ["9-t1", "10-t1", "11-t1"]
			}
	},
	{
		"id": "3",
		"type": "hand",
		"edges":
			{
				"0": [[1,2], [3,4], [1,3], [2,4], [1,4], [2,3], [4,6], [5,6], [7,8], [5,7], [6,8], [6,7]],
				"1": [[1,2], [3,4], [1,3], [2,4], [1,4], [2,3]],
				"2": [[1,2], [3,4], [1,3], [2,4], [1,4], [2,3], [4,6], [5,6], [7,8], [5,7], [6,8], [6,7]]
			},		
		"comms":
			{
				"0": {
					"0" : [1,2,3,4],
					"1" : [5,6,7,8]
					},
				"1": {
					"0": [1,2,3,4]
					},
				"2": {
					"0" : [1,2,3,4],
					"1" : [5,6,7,8]
					}
			},
		"dynamic_truth":
			{
				"0": ["1-t0", "2-t0", "3-t0", "4-t0","1-t1", "2-t1", "3-t1", "4-t1", "1-t2", "2-t2", "3-t2", "4-t2"],
				"1": ["5-t0", "6-t0", "7-t0", "8-t0", "5-t2", "6-t2", "7-t2", "8-t2"]
			}
	},
	{
		"id": "4",
		"type": "hand",
		"edges":
			{
				"0": [[1,2], [3,4], [1,3], [2,4], [1,4], [2,3], [4,6], [5,6], [7,8], [5,7], [6,8], [6,7]],
				"1": [[9, 14], [10, 14], [9, 10], [11, 12], [12, 13], [11, 13]],
				"2": [[15, 16], [16, 18], [17, 18], [15, 17], [16, 17], [19, 20], [20, 22], [21, 22], [19, 21]]
			},		
		"comms":
			{
				"0": {
					"0" : [1,2,3,4],
					"1" : [5,6,7,8]
					},
				"1": {
					"0": [9, 10, 14],
					"1": [11, 12, 13]
					},
				"2": {
					"0" : [15 ,16, 17, 18],
					"1" : [19, 20, 21, 22]
					}
			},
		"dynamic_truth":
			{
				"0": ["1-t0", "2-t0", "3-t0", "4-t0"],
				"1": ["5-t0", "6-t0", "7-t0", "8-t0"],
				"2": ["9-t1", "10-t1", "14-t1"],
				"3": ["11-t1", "12-t1", "13-t1"],
				"4": ["15-t2", "16-t2", "17-t2", "18-t2"],
				"5": ["19-t2", "20-t2", "21-t2", "22-t2"]
			}
	},
	{
		"id": "5",
		"type": "hand",
		"edges":
			{
				"0": [[1, 2], [2, 3], [3, 4], [4, 5], [5, 6], [7, 8], [8, 10], [9, 10], [7, 9], [7, 10], [8, 9]],
				"1": [[1, 2], [2, 3], [3, 4], [4, 5], [5, 6], [7, 8], [8, 10], [9, 10], [7, 9], [7, 10], [8, 9]],
				"2": [[1, 2], [2, 3], [3, 4], [4, 5], [5, 6], [7, 8], [8, 10], [9, 10], [7, 9], [7, 10], [8, 9]]
			},		
		"comms":
			{
				"0": {
					"0" : [1, 2, 3, 4, 5, 6],
					"1" : [7, 8, 9, 10]
					},
				"1": {
					"0" : [1, 2, 3, 4, 5, 6],
					"1" : [7, 8, 9, 10]
					},
				"2": {
					"0" : [1, 2, 3, 4, 5, 6],
					"1" : [7, 8, 9, 10]
					}
			},
		"dynamic_truth":
			{
				"0": ["1-t0", "2-t0", "3-t0", "4-t0", "5-t0", "6-t0", "1-t1", "2-t1", "3-t1", "4-t1", "5-t1", "6-t1", "1-t2", "2-t2", "3-t2", "4-t2", "5-t2", "6-t2"],
				"1": ["7-t0", "8-t0", "9-t0", "10-t0", "7-t1", "8-t1", "9-t1", "10-t1", "7-t2", "8-t2", "9-t2", "10-t2"]
			}
	},
	{
		"id": "7",
		"type": "hand",
		"edges":
			{
				"0": [[1, 2], [1, 3], [2, 4], [2, 5], [4, 5], [3, 4], [3, 6], [4, 6]],
				"1": [[7, 8], [8, 9], [7, 9]],
				"2": [[1, 2], [1, 3], [2, 4], [2, 5], [4, 5], [3, 4], [3, 6], [4, 6]]
			},		
		"comms":
			{
				"0": {
					"0" : [1, 2, 3, 4, 5, 6]
					},
				"1": {
					"0" : [7, 8, 9]
					},
				"2": {
					"0" : [1, 2, 3, 4, 5, 6]
					}
			},
		"dynamic_truth":
			{
				"0": ["1-t0", "2-t0", "3-t0", "4-t0", "5-t0", "6-t0", "1-t2", "2-t2", "3-t2", "4-t2", "5-t2", "6-t2"],
				"1": ["7-t1", "8-t1", "9-t1"]
			}
	},
	{
		"id": "8",
		"type": "hand",
		"edges":
			{
				"0": [[1,2], [3, 4], [1, 3], [2,4], [1,4], [2,3], [4,6], [5,6], [7,8], [5,7], [6,8], [6,7]],
				"1": [[1, 7], [2, 7], [1, 2], [1, 3], [2, 3], [2, 5], [2, 4], [4, 5], [3, 4], [3, 4], [4, 6]],
				"2": [[1, 7], [1, 2], [2, 7],  [3, 2], [3, 7], [3, 8], [6, 8], [5, 6], [5, 4], [4, 8]]
			},		
		"comms":
			{
				"0": {
					"0" : [1, 2, 3, 4],
					"1" : [5, 6, 7, 8]
					},
				"1": {
					"0" : [1, 2, 3, 4, 5, 6, 7, 8]
					},
				"2": {
					"0" : [1, 2, 3, 7],
					"1" : [4, 5, 6, 8]
					}
			},
		"dynamic_truth":
			{
				"0": ["1-t0", "2-t0", "3-t0", "4-t0", "1-t1", "2-t1", "3-t1", "4-t1", "5-t1", "6-t1", "7-t1", "1-t2", "2-t2", "3-t2", "7-t2"],
				"1": ["5-t0", "6-t0", "7-t0", "8-t0", "1-t1", "2-t1", "3-t1", "4-t1", "5-t1", "6-t1", "7-t1", "4-t2", "5-t2", "6-t2", "8-t2"]
			}
	},
	{
		"id": "9",
		"type": "hand",
		"edges":
			{
				"0": [[8, 1], [8, 2], [8, 3], [8, 4], [8, 5], [8, 6], [8, 7]],
				"1": [[8, 1], [8, 2], [8, 3], [8, 4], [8, 5], [8, 6], [8, 7]],
				"2": [[8, 1], [8, 2], [8, 3], [8, 4], [8, 5], [8, 6], [8, 7]]
			},		
		"comms":
			{
				"0": {
					"0" : [1, 2, 3, 4, 5, 6, 7, 8]
					},
				"1": {
					"0" : [1, 2, 3, 4, 5, 6, 7, 8]
					},
				"2": {
					"0" : [1, 2, 3, 4, 5, 6, 7, 8]
					}
			},
		"dynamic_truth":
			{
				"0": ["1-t0", "2-t0", "3-t0", "4-t0", "5-t0", "6-t0", "7-t0", "8-t0", "1-t1", "2-t1", "3-t1", "4-t1", "5-t1", "6-t1", "7-t1", "8-t1", "1-t2", "2-t2", "3-t2", "4-t2", "5-t2", "6-t2", "7-t2", "8-t2"]
			}
	}

]

